web-scraper-order;web-scraper-start-url;link;link-href;brand;product_name;category;price;rating;number_of_reviews;number_of_recommendations;repurchase_yes;repurchase_no;repurchase_maybe
1639406203-2420;https://www.sociolla.com/2301-sun-care?page=6;;https://www.sociolla.com/sun-care/9374-erha-21-helios-water-resistance-use-spf-50-pa;Erha;Helios Water Resistance Use Spf 50/PA++;Helios Water Resistance Use Spf 50/PA++;Rp 169.400Rp 149.072;04.02;-30;26;Yes (19);No (6);Maybe (5)
1639406032-2388;https://www.sociolla.com/2301-sun-care?page=8;;https://www.sociolla.com/sunscreen/27607-uv-defense-me-blue-ray-sun-fluid-spf-50-pa;Make P:rem;UV defense me. Blue sun fluid SPF 50+ PA++++;UV defense me. Blue sun fluid SPF 50+ PA++++;Rp 390.000Rp 331.500;04.07;-93;71;Yes (71);No (6);Maybe (16)
1639406505-2463;https://www.sociolla.com/2301-sun-care?page=3;;https://www.sociolla.com/skincare/55330-sun-battle-spf-45-pa;Emina;Sun Battle SPF 45 PA+++;Sun Battle SPF 45 PA+++;Rp49.500;04.05;-290;226;Yes (181);No (38);Maybe (71)
1639406553-2469;https://www.sociolla.com/2301-sun-care?page=3;;https://www.sociolla.com/sunscreen/58628-perfect-shield-sunscreen-normal-to-dry-skin;Erha;Perfect Shield Sunscreen Normal to Dry Skin;Perfect Shield Sunscreen Normal to Dry Skin;Rp 87.500Rp 77.000;04.06;-10;5;Yes (7);No (1);Maybe (2)
1639406276-2436;https://www.sociolla.com/2301-sun-care?page=5;;https://www.sociolla.com/sunscreen/9998-facial-sun-shield-spf-50;Votre Peau;Facial Sun Shield SPF 50;Facial Sun Shield SPF 50;Rp 265.000Rp 198.750;04.03;-111;90;Yes (71);No (17);Maybe (23)
1639406634-2486;https://www.sociolla.com/2301-sun-care?page=2;;https://www.sociolla.com/sunscreen/17082-sunscreen-spray-coral-friendly-x-nathanie-christy;Jarte Beauty;Sunscreen Spray Coral Friendly x Nathanie Christy;Sunscreen Spray Coral Friendly x Nathanie Christy;Rp 55.000 - Rp 175.000;04.04;-178;156;Yes (93);No (23);Maybe (62)
1639406337-2446;https://www.sociolla.com/2301-sun-care?page=4;;https://www.sociolla.com/sunscreen/57707-uv-sunscreen-spf-50-krim-pelindung-wajah;Breylee;UV Sunscreen SPF 50+ - Krim Pelindung Wajah;UV Sunscreen SPF 50+ - Krim Pelindung Wajah;Rp 120.000Rp 63.600;04.02;-23;16;Yes (10);No (6);Maybe (7)
1639406087-2394;https://www.sociolla.com/2301-sun-care?page=7;;https://www.sociolla.com/sunscreen/35022-reine-blanche-uv-shield-spf50-30ml;L'Occitane;Reine Blanche UV Shield SPF50 30ml;Reine Blanche UV Shield SPF50 30ml;Rp705.000;05.00;-1;1;Yes (1);No (0);Maybe (0)
1639405952-2380;https://www.sociolla.com/2301-sun-care?page=8;;https://www.sociolla.com/sunscreen/12729-white-expert-cc-cream-spf24pa;Safi;White Expert CC Cream SPF24PA++;White Expert CC Cream SPF24PA++;Rp 88.000Rp 68.640;04.03;-104;92;Yes (58);No (23);Maybe (23)
1639405890-2370;https://www.sociolla.com/2301-sun-care?page=9;;https://www.sociolla.com/sunscreen/16644-rosehip-multishield-moisturizer-spf15;TRILOGY;Rosehip Multishield Moisturizer SPF15;Rosehip Multishield Moisturizer SPF15;Rp650.000;04.02;-3;3;Yes (2);No (0);Maybe (1)
1639406748-2496;https://www.sociolla.com/2301-sun-care?page=1;;https://www.sociolla.com/sunscreen/28372-perfect-uv-sunscreen-skincare-milk-s;ANESSA;Perfect UV Sunscreen Skincare Milk (S);Perfect UV Sunscreen Skincare Milk (S);Rp 199.000Rp 151.240;04.06;-543;493;Yes (347);No (36);Maybe (160)
1639406631-2485;https://www.sociolla.com/2301-sun-care?page=2;;https://www.sociolla.com/sunscreen/58562-perfect-uv-sunscreen-mild-milk-n;ANESSA;Perfect UV Sunscreen Mild Milk;Perfect UV Sunscreen Mild Milk;Rp 489.000Rp 391.200;04.05;-29;22;Yes (23);No (4);Maybe (2)
1639406687-2491;https://www.sociolla.com/2301-sun-care?page=1;;https://www.sociolla.com/sunscreen/56375-biore-uv-face-sunscreen-aqua-rich-light-up-essence-spf-50-pa;Biore;Biore UV Face Sunscreen Aqua Rich Light Up Essence SPF 50+ PA++++;Biore UV Face Sunscreen Aqua Rich Light Up Essence SPF 50+ PA++++;Rp 150.000Rp 120.000;04.03;-71;48;Yes (37);No (18);Maybe (16)
1639406420-2455;https://www.sociolla.com/2301-sun-care?page=4;;https://www.sociolla.com/sunscreen/58015-multipurpose-tinted-sunscreen-spf50-pa-5gr;BLP Beauty;Multipurpose Tinted Sunscreen SPF50/PA++++ 5gr;Multipurpose Tinted Sunscreen SPF50/PA++++ 5gr;Rp59.000;04.04;-113;90;Yes (64);No (16);Maybe (33)
1639406113-2401;https://www.sociolla.com/2301-sun-care?page=7;;https://www.sociolla.com/sunscreen/54293-snowise-brightening-uv-protector-spf50;Sulwhasoo;Snowise Brightening UV Protector SPF50 +;Snowise Brightening UV Protector SPF50 +;Rp 1.050.000Rp 787.500;null;null;null;null;null;null
1639406587-2475;https://www.sociolla.com/2301-sun-care?page=2;;https://www.sociolla.com/sunscreen/27606-uv-defense-me-blue-ray-sun-gel-spf-50-pa;Make P:rem;UV defense me. Blue sun gel SPF 50+ PA++++;UV defense me. Blue sun gel SPF 50+ PA++++;Rp 259.000Rp 220.150;04.06;-35;26;Yes (20);No (5);Maybe (10)
1639406285-2437;https://www.sociolla.com/2301-sun-care?page=5;;https://www.sociolla.com/sunscreen/47793-pure-block-water-proof-sun-cream-spf50-pa;A'pieu;Pure Block Water Proof Sun Cream Spf50+Pa+++;Pure Block Water Proof Sun Cream Spf50+Pa+++;Rp 159.000Rp 135.150;04.04;-5;4;Yes (2);No (0);Maybe (3)
1639405903-2373;https://www.sociolla.com/2301-sun-care?page=9;;https://www.sociolla.com/sunscreen/24698-daily-uv-counter-spf-50-pa;Lacoco;Daily UV Counter SPF 50 PA ++++;Daily UV Counter SPF 50 PA ++++;;04.04;-111;99;Yes (66);No (9);Maybe (36)
1639406168-2412;https://www.sociolla.com/2301-sun-care?page=6;;https://www.sociolla.com/sunscreen/57710-honey-sun-protection-spf-50-pa;I trust nature;Honey Sun Protection SPF 50+ PA+++;Honey Sun Protection SPF 50+ PA+++;Rp169.000;04.06;-152;129;Yes (108);No (7);Maybe (37)
1639406301-2441;https://www.sociolla.com/2301-sun-care?page=4;;https://www.sociolla.com/sunscreen/56364-l-oreal-paris-uv-defender-uv-serum-protector-bright-and-clear-spf50-pa;Loreal Paris;L'Oreal Paris UV Defender UV Serum Protector Bright & Clear SPF50+ / PA++++;L'Oreal Paris UV Defender UV Serum Protector Bright & Clear SPF50+ / PA++++;Rp 150.000Rp 120.000;04.08;(2k);1969;Yes (1,7k);No (72);Maybe (266)
1639406624-2483;https://www.sociolla.com/2301-sun-care?page=2;;https://www.sociolla.com/sunscreen/50476-don-t-forget-sunscreen;Rose All Day;Don't Forget Sunscreen;Don't Forget Sunscreen;Rp 190.000Rp 133.000;04.05;-134;114;Yes (93);No (15);Maybe (26)
1639406615-2481;https://www.sociolla.com/2301-sun-care?page=2;;https://www.sociolla.com/sunscreen/59683-dear-me-beauty-x-kfc-primer-sunstick-spf-50-pa;Dear Me Beauty;Dear Me Beauty X KFC Primer Sunstick SPF 50+ PA++++;Dear Me Beauty X KFC Primer Sunstick SPF 50+ PA++++;Rp139.000;04.06;-36;24;Yes (24);No (3);Maybe (9)
1639406160-2410;https://www.sociolla.com/2301-sun-care?page=6;;https://www.sociolla.com/sunscreen/7845-photoderm-kid;Bioderma;Photoderm Kid;Photoderm Kid;Rp 363.000Rp 290.400;04.05;-3;3;Yes (1);No (0);Maybe (2)
1639405912-2374;https://www.sociolla.com/2301-sun-care?page=9;;https://www.sociolla.com/sunscreen/25602-gsc-the-perfect-protector-for-asia-japan;Shiseido;GSC The Perfect Protector for Asia/Japan;GSC The Perfect Protector for Asia/Japan;Rp655.000;04.03;-3;2;Yes (3);No (0);Maybe (0)
1639405963-2383;https://www.sociolla.com/2301-sun-care?page=8;;https://www.sociolla.com/after-sun-care/11892-jeju-fresh-aloe-soothing-gel-99-jumbo-500-ml;the saem;Jeju Fresh Aloe Soothing Gel 99% Jumbo 500 ml;Jeju Fresh Aloe Soothing Gel 99% Jumbo 500 ml;Rp 159.000Rp 109.710;null;null;null;Yes (106);No (8);Maybe (17)
1639405959-2382;https://www.sociolla.com/2301-sun-care?page=8;;https://www.sociolla.com/sunscreen/15255-cicapair-recover-spf-40-pa;Dr Jart;Cicapair Recover SPF 40/ PA++;Cicapair Recover SPF 40/ PA++;Rp 585.000Rp 526.500;04.03;-34;31;Yes (21);No (3);Maybe (10)
1639406597-2477;https://www.sociolla.com/2301-sun-care?page=2;;https://www.sociolla.com/sunscreen/53978-daily-sun-cream;Vaseline;Daily Sun Cream;Daily Sun Cream;Rp 129.000Rp 104.490;04.06;-70;48;Yes (47);No (5);Maybe (18)
1639405862-2367;https://www.sociolla.com/2301-sun-care?page=9;;https://www.sociolla.com/sunscreen/24952-sunbuddy-daily-moisture-sun-cream-spf50-pa;Leaders;Sunbuddy Daily Moisture Sun Cream Spf50+ Pa+++;Sunbuddy Daily Moisture Sun Cream Spf50+ Pa+++;;null;null;null;null;null;null
1639405918-2375;https://www.sociolla.com/2301-sun-care?page=9;;https://www.sociolla.com/sunscreen/23578-banila-co-hello-sunny-hydrating-sun-essence-spf50-pa;banila co.;Banila Co Hello Sunny Hydrating Sun Essence SPF50+ PA++++;Banila Co Hello Sunny Hydrating Sun Essence SPF50+ PA++++;Rp370.000;04.06;-2;2;Yes (2);No (0);Maybe (0)
1639406454-2457;https://www.sociolla.com/2301-sun-care?page=3;;https://www.sociolla.com/sunscreen/28374-perfect-uv-sunscreen-skincare-spray;ANESSA;Perfect UV Sunscreen Skincare Spray;Perfect UV Sunscreen Skincare Spray;Rp 299.000Rp 233.220;04.06;-11;10;Yes (8);No (0);Maybe (3)
1639406083-2393;https://www.sociolla.com/2301-sun-care?page=7;;https://www.sociolla.com/sunscreen/58195-elvicto-sunscreen-expert;Elvicto;Elvicto Sunscreen Expert;Elvicto Sunscreen Expert;Rp150.000;null;null;null;null;null;null
1639406193-2417;https://www.sociolla.com/2301-sun-care?page=6;;https://www.sociolla.com/sunscreen/10487-protection-day-cream;Elsheskin;Protection Day Cream;Protection Day Cream;Rp 93.000Rp 91.140;04.01;-24;20;Yes (12);No (6);Maybe (6)
1639406424-2456;https://www.sociolla.com/2301-sun-care?page=4;;https://www.sociolla.com/skincare/53940-multi-purpose-aloe-vera-gel;YOU Makeups;Multi-Purpose Aloe Vera Gel;Multi-Purpose Aloe Vera Gel;Rp 35.000Rp 29.750;04.04;-26;20;Yes (15);No (4);Maybe (7)
1639406757-2498;https://www.sociolla.com/2301-sun-care?page=1;;https://www.sociolla.com/sunscreen/3587-sun-protection-spf-30;Emina;Sun Battle SPF 30 PA+++;Sun Battle SPF 30 PA+++;Rp 29.000Rp 21.750;04.03;(12,6k);10541;null;null;null
1639406260-2433;https://www.sociolla.com/2301-sun-care?page=5;;https://www.sociolla.com/sunscreen/9370-perfect-shield-for-normal-to-oily-skin-spf-30-pa;Erha;ERHA Perfect Shield Sunscreen Oily Skin SPF 30/PA++;ERHA Perfect Shield Sunscreen Oily Skin SPF 30/PA++;Rp 87.500Rp 77.000;04.04;-104;91;Yes (60);No (12);Maybe (32)
1639406291-2439;https://www.sociolla.com/2301-sun-care?page=5;;https://www.sociolla.com/sunscreen/7846-photoderm-max-spf-100;Bioderma;Photoderm Max SPF-100;Photoderm Max SPF-100;Rp 319.000Rp 255.200;04.01;-164;133;Yes (69);No (40);Maybe (55)
1639406661-2489;https://www.sociolla.com/2301-sun-care?page=1;;https://www.sociolla.com/sunscreen/34967-perfect-uv-sunscreen-skincare-milk;ANESSA;Perfect UV Sunscreen Skincare Milk;Perfect UV Sunscreen Skincare Milk;Rp 489.000Rp 371.640;04.07;-105;88;Yes (91);No (4);Maybe (10)
1639406329-2444;https://www.sociolla.com/2301-sun-care?page=4;;https://www.sociolla.com/sunscreen/50440-garnier-light-complete-super-uv-spot-proof-sunscreen;Garnier;Garnier Light Complete Super UV Spot Proof Sunscreen;Garnier Light Complete Super UV Spot Proof Sunscreen;Rp 65.000 - Rp 79.000Rp 53.300 - Rp 64.780;04.07;(1,9k);1765;Yes (1,4k);No (95);Maybe (379)
1639405987-2386;https://www.sociolla.com/2301-sun-care?page=8;;https://www.sociolla.com/sunscreen/60468-antioxidant-suncream;Skin Theory;Antioxidant Suncream;Antioxidant Suncream;Rp139.000;04.06;-5;4;Yes (3);No (0);Maybe (2)
1639406094-2396;https://www.sociolla.com/2301-sun-care?page=7;;https://www.sociolla.com/sunscreen/49690-all-day-sun-cream-spf50-pa;BY ECOM;All Day Sun Cream SPF50+ PA++++;All Day Sun Cream SPF50+ PA++++;Rp 450.000Rp 270.000;04.03;-9;8;Yes (5);No (2);Maybe (2)
1639406733-2495;https://www.sociolla.com/2301-sun-care?page=1;;https://www.sociolla.com/sunscreen/12704-sun-face-protection-serum-spf-50-pa-instant-aura;Nivea;Sun Face Protection Serum Spf 50+ Pa +++ - Instant Aura;Sun Face Protection Serum Spf 50+ Pa +++ - Instant Aura;Rp 51.000Rp 43.860;04.06;(2,3k);2001;Yes (1,7k);No (144);Maybe (440)
1639406101-2398;https://www.sociolla.com/2301-sun-care?page=7;;https://www.sociolla.com/sunscreen/25603-gsc-perfect-uv-protector-s;Shiseido;GSC Perfect UV Protector S;GSC Perfect UV Protector S;Rp570.000;04.01;-3;2;Yes (2);No (1);Maybe (0)
1639406417-2454;https://www.sociolla.com/2301-sun-care?page=4;;https://www.sociolla.com/sunscreen/53825-aqua-essence-sun-shield-serum-spf-50-pa;Azarine;Aqua Essence Sun Shield Serum Spf 50 Pa+++;Aqua Essence Sun Shield Serum Spf 50 Pa+++;Rp98.000;04.06;-95;81;Yes (67);No (8);Maybe (20)
1639406579-2474;https://www.sociolla.com/2301-sun-care?page=2;;https://www.sociolla.com/sunscreen/35194-uv-aqua-rich-watery-gel-sunscreen-skin-care-spf-50-pa;Biore;UV Aqua Rich Watery Gel Sunscreen Skin Care SPF 50 PA++++;UV Aqua Rich Watery Gel Sunscreen Skin Care SPF 50 PA++++;Rp 144.000Rp 115.200;04.05;-397;332;Yes (260);No (45);Maybe (92)
1639406549-2468;https://www.sociolla.com/2301-sun-care?page=3;;https://www.sociolla.com/sunscreen/52025-the-great-shield-sunscreen;Avoskin;The Great Shield Sunscreen;The Great Shield Sunscreen;Rp 60.500 - Rp 152.900Rp 51.425 - Rp 129.965;04.03;-519;419;Yes (277);No (77);Maybe (165)
1639406196-2418;https://www.sociolla.com/2301-sun-care?page=6;;https://www.sociolla.com/sunscreen/58315-mineral-sun-stick;Benton;Mineral Sun Stick;Mineral Sun Stick;Rp 370.000Rp 222.000;04.08;-4;4;Yes (3);No (0);Maybe (1)
1639406068-2390;https://www.sociolla.com/2301-sun-care?page=8;;https://www.sociolla.com/sun-care/16731-mild-sunscreen;Like Im Five;Mild Sunscreen;Mild Sunscreen;Rp 249.000Rp 174.300;04.07;-81;69;Yes (59);No (6);Maybe (16)
1639406175-2414;https://www.sociolla.com/2301-sun-care?page=6;;https://www.sociolla.com/after-sun-care/11893-jeju-fresh-aloe-soothing-gel-99-tube-300-ml;the saem;Jeju Fresh Aloe Soothing Gel 99% Tube 300 ml;Jeju Fresh Aloe Soothing Gel 99% Tube 300 ml;Rp 119.000Rp 82.110;04.06;-230;215;Yes (164);No (17);Maybe (49)
1639406233-2426;https://www.sociolla.com/2301-sun-care?page=5;;https://www.sociolla.com/sunscreen/47796-pure-block-daily-sun-cream-spf-45-pa;A'pieu;Pure Block Daily Sun Cream Spf 45, Pa+++;Pure Block Daily Sun Cream Spf 45, Pa+++;Rp 159.000Rp 135.150;04.09;-3;2;Yes (3);No (0);Maybe (0)
1639406334-2445;https://www.sociolla.com/2301-sun-care?page=4;;https://www.sociolla.com/sunscreen/58014-multipurpose-tinted-sunscreen-spf50-pa-30gr;BLP Beauty;Multipurpose Tinted Sunscreen SPF50/PA++++ 30gr;Multipurpose Tinted Sunscreen SPF50/PA++++ 30gr;Rp189.000;04.05;-114;94;Yes (69);No (8);Maybe (37)
1639406593-2476;https://www.sociolla.com/2301-sun-care?page=2;;https://www.sociolla.com/sunscreen/8862-sakura-serum-day-cream-spf-21;Garnier;Sakura Serum Day Cream;Sakura Serum Day Cream;Rp 29.000 - Rp 70.000Rp 26.100 - Rp 57.400;04.04;(3,9k);3527;Yes (2,3k);No (570);Maybe (998)
1639406164-2411;https://www.sociolla.com/2301-sun-care?page=6;;https://www.sociolla.com/sunscreen/61895-uv-perfect-air-cool-sun-cream;SNP;UV Perfect Air Cool Sun Cream;UV Perfect Air Cool Sun Cream;Rp180.000;null;null;null;null;null;null
1639406253-2431;https://www.sociolla.com/2301-sun-care?page=5;;https://www.sociolla.com/sunscreen/45122-ultra-sheer-dry-touch-sunscreen-spf-50;Neutrogena;Ultra Sheer Dry -Touch Sunscreen SPF 50+;Ultra Sheer Dry -Touch Sunscreen SPF 50+;Rp 190.000Rp 161.500;04.02;-98;74;Yes (45);No (22);Maybe (31)
1639406109-2400;https://www.sociolla.com/2301-sun-care?page=7;;https://www.sociolla.com/sunscreen/9492-daily-protection-gel-for-acne-skin;Elsheskin;Daily Protection Gel For Acne Skin;Daily Protection Gel For Acne Skin;Rp 87.000Rp 85.260;04.02;-101;83;Yes (54);No (22);Maybe (25)
1639406556-2470;https://www.sociolla.com/2301-sun-care?page=3;;https://www.sociolla.com/sunscreen/28373-perfect-uv-sunscreen-skincare-gel;ANESSA;Perfect UV Sunscreen Skincare Gel;Perfect UV Sunscreen Skincare Gel;Rp 399.000Rp 311.220;04.06;-57;45;Yes (46);No (4);Maybe (7)
1639406263-2434;https://www.sociolla.com/2301-sun-care?page=5;;https://www.sociolla.com/sunscreen/10471-anti-aging-daily-protection;Elsheskin;Anti Aging Daily Protection;Anti Aging Daily Protection;Rp 92.000Rp 90.160;04.02;-35;23;Yes (14);No (8);Maybe (13)
1639406465-2459;https://www.sociolla.com/2301-sun-care?page=3;;https://www.sociolla.com/sunscreen/56363-l-oreal-paris-uv-defender-uv-serum-protector-moist-and-fresh-spf50-pa;Loreal Paris;L'Oreal Paris UV Defender UV Serum Protector Moist & Fresh SPF50+ / PA++++;L'Oreal Paris UV Defender UV Serum Protector Moist & Fresh SPF50+ / PA++++;Rp 150.000Rp 120.000;04.07;-149;135;Yes (129);No (4);Maybe (16)
1639406627-2484;https://www.sociolla.com/2301-sun-care?page=2;;https://www.sociolla.com/sunscreen/59157-dew-it-in-the-morning-face-sun-stick;Dew It;Dew It In The Morning Face Sun Stick;Dew It In The Morning Face Sun Stick;Rp195.000;04.04;-10;6;Yes (5);No (3);Maybe (2)
1639406391-2451;https://www.sociolla.com/2301-sun-care?page=4;;https://www.sociolla.com/sunscreen/60109-glowssentials-sunshield-daily-moisturizer;Pixy;Glowssentials Sunshield Daily Moisturizer;Glowssentials Sunshield Daily Moisturizer;Rp33.000;04.06;-4;2;Yes (3);No (0);Maybe (1)
1639406150-2408;https://www.sociolla.com/2301-sun-care?page=7;;https://www.sociolla.com/sunscreen/27316-age-miracle-ultimate-youthful-glow-day-cream-spf-18-pa;Pond's;Age Miracle Ultimate Youthful Glow Day Cream SPF 18 PA++;Age Miracle Ultimate Youthful Glow Day Cream SPF 18 PA++;Rp 33.600Rp 26.880;04.05;-50;44;Yes (34);No (6);Maybe (10)
1639406072-2391;https://www.sociolla.com/2301-sun-care?page=8;;https://www.sociolla.com/sunscreen/15730-marrakech-spf;Cre;Marrakech SPF;Marrakech SPF;Rp160.000;04.00;-2;1;Yes (1);No (1);Maybe (0)
1639406127-2402;https://www.sociolla.com/2301-sun-care?page=7;;https://www.sociolla.com/sunscreen/10475-day-rejuvenation;Elsheskin;Day Rejuvenation;Day Rejuvenation;Rp 87.000Rp 80.910;04.03;-18;16;Yes (10);No (1);Maybe (7)
1639406091-2395;https://www.sociolla.com/2301-sun-care?page=7;;https://www.sociolla.com/sun-care/25601-sfs-lx-universal-defense-e;Shiseido;Future Solution LX Universal Defense E;Future Solution LX Universal Defense E;Rp 1.200.000Rp 840.000;null;null;null;null;null;null
1639406272-2435;https://www.sociolla.com/2301-sun-care?page=5;;https://www.sociolla.com/sunscreen/56475-tone-up-uv-elixir-spf-50-pa;YOU Makeups;Tone Up UV Elixir SPF 50+ PA++++;Tone Up UV Elixir SPF 50+ PA++++;Rp 80.000Rp 68.000;04.05;-222;193;Yes (114);No (25);Maybe (83)
1639406178-2415;https://www.sociolla.com/2301-sun-care?page=6;;https://www.sociolla.com/sunscreen/7844-photoderm-akn-mat-spf-30;Bioderma;Photoderm AKN Mat SPF-30;Photoderm AKN Mat SPF-30;Rp 319.000Rp 255.200;04.04;-92;86;Yes (57);No (9);Maybe (26)
1639405940-2377;https://www.sociolla.com/2301-sun-care?page=8;;https://www.sociolla.com/sunscreen/17108-cellus-sun-gel;Lagom;Cellus Sun Gel;Cellus Sun Gel;Rp 330.000Rp 198.000;04.06;-42;40;Yes (27);No (3);Maybe (12)
1639406144-2407;https://www.sociolla.com/2301-sun-care?page=7;;https://www.sociolla.com/sunscreen/60423-rayou-x-rahasia-gadis-dailyscreen-spf-30;Rayou;Rayou x Rahasia Gadis Dailyscreen SPF 30;Rayou x Rahasia Gadis Dailyscreen SPF 30;Rp115.000;04.09;-5;3;Yes (4);No (0);Maybe (1)
1639406294-2440;https://www.sociolla.com/2301-sun-care?page=5;;https://www.sociolla.com/sunscreen/7361-uv-mild-milk-;Skin Aqua;UV Mild Milk;UV Mild Milk;Rp52.470;04.06;-339;297;Yes (235);No (40);Maybe (64)
1639406510-2464;https://www.sociolla.com/2301-sun-care?page=3;;https://www.sociolla.com/sun-care/55441-acneact-acne-sun-friendly-spf30-pa;Erha;AcneAct Acne Sun Friendly SPF30/PA+++;AcneAct Acne Sun Friendly SPF30/PA+++;Rp 101.970Rp 87.694;04.03;-43;28;Yes (24);No (2);Maybe (17)
1639406206-2421;https://www.sociolla.com/2301-sun-care?page=6;;https://www.sociolla.com/after-sun-care/59159-dew-it-anytime-cooling-cream;Dew It;Dew It Anytime - Cooling Cream;Dew It Anytime - Cooling Cream;Rp198.000;04.04;-2;1;Yes (0);No (0);Maybe (2)
1639406786-2501;https://www.sociolla.com/2301-sun-care?page=1;;https://www.sociolla.com/sunscreen/51690-solar-smart-uv-protector;Carasun;Solar Smart UV Protector;Solar Smart UV Protector;Rp 17.500 - Rp 137.500Rp 17.500 - Rp 116.875;04.07;(3,6k);2746;Yes (2,8k);No (205);Maybe (604)
1639406395-2452;https://www.sociolla.com/2301-sun-care?page=4;;https://www.sociolla.com/sunscreen/47673-uv-protection-fresh-sun-gel-spf-50-pa;Klavuu;UV Protection Fresh Sun Gel SPF 50+ PA++++;UV Protection Fresh Sun Gel SPF 50+ PA++++;Rp 259.000Rp 194.250;04.04;-17;17;Yes (12);No (1);Maybe (4)
1639406573-2473;https://www.sociolla.com/2301-sun-care?page=2;;https://www.sociolla.com/moisturizer/4401-daily-facial-moisturizer-lotion-spf15-118-ml;Cetaphil;Daily Facial Moisturizer Lotion Spf15 118 ml;Daily Facial Moisturizer Lotion Spf15 118 ml;Rp 275.000Rp 192.500;04.01;-495;407;Yes (229);No (127);Maybe (139)
1639405968-2384;https://www.sociolla.com/2301-sun-care?page=8;;https://www.sociolla.com/sunscreen/53671-don-t-forget-sunscreen-x-alodita;Rose All Day;Don't Forget Sunscreen X Alodita;Don't Forget Sunscreen X Alodita;Rp 190.000Rp 133.000;04.05;-85;68;Yes (54);No (13);Maybe (18)
1639406255-2432;https://www.sociolla.com/2301-sun-care?page=5;;https://www.sociolla.com/sunscreen/55391-erha-x-aqua-re-fresh-hydrating-sunscreen-spf-30-pa;Erha;ERHA X AQUA Re-Fresh Hydrating Sunscreen SPF 30/PA++;ERHA X AQUA Re-Fresh Hydrating Sunscreen SPF 30/PA++;Rp 93.500Rp 80.410;04.05;-48;36;Yes (30);No (4);Maybe (14)
1639406076-2392;https://www.sociolla.com/2301-sun-care?page=8;;https://www.sociolla.com/sunscreen/13550-white-lucent-day-emulsion-spf50;Shiseido;White Lucent Day Emulsion SPF50;White Lucent Day Emulsion SPF50;Rp890.000;04.01;-3;3;Yes (1);No (1);Maybe (1)
1639406726-2493;https://www.sociolla.com/2301-sun-care?page=1;;https://www.sociolla.com/sunscreen/58688-cica-beat-the-sun-spf-50-pa;NPure;Cica Beat The Sun SPF 50 PA ++++;Cica Beat The Sun SPF 50 PA ++++;Rp149.000;04.09;(3k);2319;Yes (2,7k);No (19);Maybe (248)
1639406132-2403;https://www.sociolla.com/2301-sun-care?page=7;;https://www.sociolla.com/sunscreen/10480-daily-protection-for-oily-skin;Elsheskin;Daily Protection For Oily Skin;Daily Protection For Oily Skin;Rp 93.000Rp 91.140;04.01;-23;17;Yes (11);No (6);Maybe (6)
1639406607-2479;https://www.sociolla.com/2301-sun-care?page=2;;https://www.sociolla.com/sunscreen/58565-carasun-solar-smart-uv-cushion-refill;Carasun;Carasun Solar Smart UV Cushion Refill;Carasun Solar Smart UV Cushion Refill;Rp 115.000Rp 103.500;04.09;-16;10;Yes (14);No (0);Maybe (2)
1639406309-2443;https://www.sociolla.com/2301-sun-care?page=4;;https://www.sociolla.com/sunscreen/27713-uv-shield-active-protection-serum-spf-50;Wardah;UV Shield Active Protection Serum SPF 50;UV Shield Active Protection Serum SPF 50;Rp73.500;04.05;-299;242;Yes (191);No (34);Maybe (74)
1639406171-2413;https://www.sociolla.com/2301-sun-care?page=6;;https://www.sociolla.com/sunscreen/16583-everyday-is-sun-day-spf-30-pa-sunscreen;Joylab;Everyday is Sun-Day SPF 30 PA++  / Sunscreen;Everyday is Sun-Day SPF 30 PA++  / Sunscreen;Rp 160.000Rp 139.200;04.05;-65;52;Yes (37);No (9);Maybe (19)
1639406135-2404;https://www.sociolla.com/2301-sun-care?page=7;;https://www.sociolla.com/sunscreen/15619-white-light-complete-speed-yuzu-whitening-day-cream-spf19;Garnier;White Light Complete Speed Yuzu Whitening Day Cream SPF19;White Light Complete Speed Yuzu Whitening Day Cream SPF19;Rp25.000;04.05;-516;472;Yes (294);No (77);Maybe (145)
1639406210-2422;https://www.sociolla.com/2301-sun-care?page=6;;https://www.sociolla.com/after-sun-care/52470-mugwort-soothing-care;I'm From;Mugwort Soothing Care;Mugwort Soothing Care;Rp 525.000Rp 393.750;null;null;null;null;null;null
1639406199-2419;https://www.sociolla.com/2301-sun-care?page=6;;https://www.sociolla.com/sunscreen/47792-pure-block-aqua-sun-gel-spf50-pa;A'pieu;Pure Block Aqua Sun Gel Spf50+/Pa+++;Pure Block Aqua Sun Gel Spf50+/Pa+++;Rp 159.000Rp 135.150;04.05;-4;3;Yes (1);No (1);Maybe (2)
1639406730-2494;https://www.sociolla.com/2301-sun-care?page=1;;https://www.sociolla.com/sunscreen/27712-uv-shield-aqua-fresh-essence-spf-50;Wardah;UV Shield Aqua Fresh Essence SPF 50;UV Shield Aqua Fresh Essence SPF 50;Rp55.000;04.05;-777;598;Yes (454);No (106);Maybe (217)
1639406566-2472;https://www.sociolla.com/2301-sun-care?page=3;;https://www.sociolla.com/sunscreen/9369-perfect-shield-for-dry-to-normal-skin-spf-30-pa;Erha;Perfect Shield Normal to Dry Skin SPF 30/PA++;Perfect Shield Normal to Dry Skin SPF 30/PA++;Rp87.500;04.04;-70;58;Yes (50);No (11);Maybe (9)
1639406360-2449;https://www.sociolla.com/2301-sun-care?page=4;;https://www.sociolla.com/sunscreen/56365-l-oreal-paris-uv-defender-uv-serum-protector-correct-and-protect-spf50-pa;Loreal Paris;L'Oreal Paris UV Defender UV Serum Protector Correct & Protect SPF50+ / PA++++;L'Oreal Paris UV Defender UV Serum Protector Correct & Protect SPF50+ / PA++++;Rp 150.000Rp 120.000;04.07;-126;116;Yes (110);No (3);Maybe (13)
1639406618-2482;https://www.sociolla.com/2301-sun-care?page=2;;https://www.sociolla.com/sunscreen/8578-biore-uv-aqua-rich-watery-essence-spf-50-pa;Biore;Biore UV Aqua Rich Watery Essence SPF 50+/PA+++;Biore UV Aqua Rich Watery Essence SPF 50+/PA+++;Rp 115.800Rp 104.220;04.05;(8,6k);8008;Yes (6,5k);No (740);Maybe (1,4k)
1639405974-2385;https://www.sociolla.com/2301-sun-care?page=8;;https://www.sociolla.com/sunscreen/26113-uv-athlizm-skin-protection-essence-sport-sunscreen-spf-50-pa;Biore;UV Athlizm Skin Protection Essence Sport Sunscreen SPF 50 PA++++;UV Athlizm Skin Protection Essence Sport Sunscreen SPF 50 PA++++;Rp 195.000Rp 156.000;04.07;-96;83;Yes (74);No (5);Maybe (17)
1639405929-2376;https://www.sociolla.com/2301-sun-care?page=9;;https://www.sociolla.com/sunscreen/12440-uv-perfect-air-cool-sun-gel;SNP;UV Perfect Air Cool Sun Gel;UV Perfect Air Cool Sun Gel;Rp 232.000Rp 185.600;04.05;-327;318;Yes (204);No (17);Maybe (106)
1639406016-2387;https://www.sociolla.com/2301-sun-care?page=8;;https://www.sociolla.com/sunscreen/27608-uv-defense-me-blue-ray-sun-cream-spf-50-pa;Make P:rem;UV defense me. Blue sun cream SPF 50+ PA++++;UV defense me. Blue sun cream SPF 50+ PA++++;Rp 245.000Rp 208.250;04.05;-53;37;Yes (33);No (10);Maybe (10)
1639406754-2497;https://www.sociolla.com/2301-sun-care?page=1;;https://www.sociolla.com/sunscreen/53824-hydrashoothe-sunscreen-gel-spf45;Azarine;Hydrashoothe Sunscreen Gel Spf45+++;Hydrashoothe Sunscreen Gel Spf45+++;Rp65.000;04.08;(4,5k);3869;null;null;null
1639405896-2371;https://www.sociolla.com/2301-sun-care?page=9;;https://www.sociolla.com/sunscreen/55025-lng-air-light-sun-stick-spf50-ol21;Laneige;LNG Air Light Sun Stick SPF50 (OL21);LNG Air Light Sun Stick SPF50 (OL21);Rp 452.500Rp 296.000;null;null;null;null;null;null
1639406229-2425;https://www.sociolla.com/2301-sun-care?page=5;;https://www.sociolla.com/sun-care/11009-white-uv-emulsion-;KOSE;Sekkisei White UV Emulsion;Sekkisei White UV Emulsion;Rp449.000;04.05;-9;9;Yes (8);No (0);Maybe (1)
1639406364-2450;https://www.sociolla.com/2301-sun-care?page=4;;https://www.sociolla.com/sunscreen/25193-uv-tone-up-clear-skin-make-up-sunscreen-spf-50-pa;Biore;UV Tone Up Clear Skin Make Up Sunscreen SPF 50 PA++++;UV Tone Up Clear Skin Make Up Sunscreen SPF 50 PA++++;Rp 108.000Rp 86.400;04.01;-103;75;Yes (32);No (33);Maybe (38)
1639406399-2453;https://www.sociolla.com/2301-sun-care?page=4;;https://www.sociolla.com/sunscreen/8868-garnier-light-complete-white-speed-serum-cream-extra-spf-19-pa;Garnier;Garnier Light Complete White Speed Serum Cream Extra SPF 19/PA+++;Garnier Light Complete White Speed Serum Cream Extra SPF 19/PA+++;Rp 65.000Rp 53.300;04.03;(3,2k);2732;Yes (1,5k);No (651);Maybe (1k)
1639405865-2368;https://www.sociolla.com/2301-sun-care?page=9;;https://www.sociolla.com/sunscreen/17210-ultra-uv-shield-sun-essence;Frudia;Ultra UV Shield Sun Essence;Ultra UV Shield Sun Essence;;null;null;null;Yes (3);No (1);Maybe (2)
1639406460-2458;https://www.sociolla.com/2301-sun-care?page=3;;https://www.sociolla.com/sunscreen/55886-moisture-uv-sunscreen-mild-gel;ANESSA;Moisture UV Sunscreen Mild Gel;Moisture UV Sunscreen Mild Gel;Rp 399.000Rp 319.200;04.05;-18;11;null;null;null
1639406184-2416;https://www.sociolla.com/2301-sun-care?page=6;;https://www.sociolla.com/sunscreen/9483-daily-protection-gel;Elsheskin;Daily Protection Gel;Daily Protection Gel;Rp 93.000Rp 86.490;04.03;-106;88;Yes (60);No (19);Maybe (27)
1639406650-2487;https://www.sociolla.com/2301-sun-care?page=2;;https://www.sociolla.com/sunscreen/16742-simply-protect-aqua-long-wearing-moisture-sunscreen-lotion-spf50;Banana Boat;Simply Protect Aqua Long Wearing Moisture Sunscreen Lotion SPF50+;Simply Protect Aqua Long Wearing Moisture Sunscreen Lotion SPF50+;Rp 144.100Rp 72.050;04.06;-70;54;Yes (48);No (1);Maybe (21)
1639406561-2471;https://www.sociolla.com/2301-sun-care?page=3;;https://www.sociolla.com/sunscreen/16936-erha-perfect-shield-helios-30g-daily-sunscreen;Erha;Perfect Shield Helios 30g - Daily Sunscreen;Perfect Shield Helios 30g - Daily Sunscreen;Rp 126.500Rp 111.320;04.01;-52;34;Yes (29);No (15);Maybe (8)
1639406157-2409;https://www.sociolla.com/2301-sun-care?page=6;;https://www.sociolla.com/sunscreen/55018-lng-white-dew-tone-up-fluid-50ml-ol21;Laneige;LNG White Dew Tone Up Fluid 50ml (OL21);LNG White Dew Tone Up Fluid 50ml (OL21);Rp 916.000Rp 568.000;04.00;-1;0;Yes (1);No (0);Maybe (0)
1639406248-2430;https://www.sociolla.com/2301-sun-care?page=5;;https://www.sociolla.com/sunscreen/15414-all-around-safe-block-daily-sun-spf50-pa;Missha;All Around Safe Block Daily Sun SPF50+/PA++++;All Around Safe Block Daily Sun SPF50+/PA++++;Rp 355.000Rp 177.500;04.01;-41;27;Yes (11);No (13);Maybe (17)
1639405955-2381;https://www.sociolla.com/2301-sun-care?page=8;;https://www.sociolla.com/sunscreen/47934-kem-chong-nang-dang-th-i-intensive-leisure-sunscreen-stick-spf50-pa;Innisfree;Intensive Leisure Sunscreen Stick SPF50+ PA++++;Intensive Leisure Sunscreen Stick SPF50+ PA++++;Rp270.000;04.04;-4;4;Yes (4);No (0);Maybe (0)
1639406245-2429;https://www.sociolla.com/2301-sun-care?page=5;;https://www.sociolla.com/sunscreen/60031-uv-shield-light-matte-sun-stick;Wardah;UV Shield Light Matte Sun Stick;UV Shield Light Matte Sun Stick;Rp96.000;04.05;-27;19;Yes (15);No (2);Maybe (10)
1639406288-2438;https://www.sociolla.com/2301-sun-care?page=5;;https://www.sociolla.com/sunscreen/14671-5-control-no-sebum-sun-lotion;Dr. Ceuracle;5α Control Mattifying Sun Lotion;5α Control Mattifying Sun Lotion;Rp 412.500Rp 268.125;04.05;-20;18;Yes (10);No (3);Maybe (7)
1639405899-2372;https://www.sociolla.com/2301-sun-care?page=9;;https://www.sociolla.com/sunscreen/55024-lng-watery-sun-cream-50ml-ol21;Laneige;LNG Watery Sun Cream 50ml (OL21);LNG Watery Sun Cream 50ml (OL21);Rp 442.500Rp 288.000;null;null;null;null;null;null
1639405949-2379;https://www.sociolla.com/2301-sun-care?page=8;;https://www.sociolla.com/sunscreen/10721-white-secret-day-cream-spf-35;Wardah;Crystal Secret Brightening Day Cream 30g;Crystal Secret Brightening Day Cream 30g;Rp99.500;04.04;-329;305;Yes (214);No (55);Maybe (60)
1639406791-2502;https://www.sociolla.com/2301-sun-care?page=1;;https://www.sociolla.com/sunscreen/12094-aloe-soothing-sun-cream-spf-50-pa;COSRX;Aloe Soothing Sun Cream SPF 50+ PA+++;Aloe Soothing Sun Cream SPF 50+ PA+++;Rp 199.000Rp 139.300;04.06;(3,3k);2942;Yes (2,4k);No (218);Maybe (608)
1639406682-2490;https://www.sociolla.com/2301-sun-care?page=1;;https://www.sociolla.com/sunscreen/56362-l-oreal-paris-uv-defender-uv-serum-protector-matte-and-fresh-spf50-pa;Loreal Paris;L'Oreal Paris UV Defender UV Serum Protector Matte & Fresh SPF50+ / PA++++;L'Oreal Paris UV Defender UV Serum Protector Matte & Fresh SPF50+ / PA++++;Rp 150.000Rp 120.000;04.06;-224;182;Yes (183);No (13);Maybe (28)
1639406762-2499;https://www.sociolla.com/2301-sun-care?page=1;;https://www.sociolla.com/sunscreen/58564-carasun-solar-smart-uv-cushion;Carasun;Carasun Solar Smart UV Cushion;Carasun Solar Smart UV Cushion;Rp 175.000Rp 157.500;04.08;-36;25;Yes (31);No (1);Maybe (4)
1639406105-2399;https://www.sociolla.com/2301-sun-care?page=7;;https://www.sociolla.com/sunscreen/51163-protecting-day-cream-sunscreen-skin-protect-spf-30;Pond's;Protecting Day Cream Sunscreen Skin Protect SPF 30;Protecting Day Cream Sunscreen Skin Protect SPF 30;Rp 26.400Rp 21.912;04.05;-73;59;Yes (38);No (13);Maybe (22)
1639406513-2465;https://www.sociolla.com/2301-sun-care?page=3;;https://www.sociolla.com/sunscreen/17196-hello-sunny-essence-sun-stick-fresh-spf50-pa;banila co.;Hello Sunny Essence Sun Stick Fresh SPF50+ PA++++;Hello Sunny Essence Sun Stick Fresh SPF50+ PA++++;Rp370.000;04.06;-6;6;Yes (5);No (0);Maybe (1)
1639406138-2405;https://www.sociolla.com/2301-sun-care?page=7;;https://www.sociolla.com/sunscreen/25134-everyday-aqua-sun-cream-50;Mamonde;Everyday Aqua Sun Cream 50+++++;Everyday Aqua Sun Cream 50+++++;Rp 230.000Rp 195.500;04.07;-12;10;Yes (7);No (1);Maybe (4)
1639405944-2378;https://www.sociolla.com/2301-sun-care?page=8;;https://www.sociolla.com/sunscreen/10319-sun-lotion-spf-30;Nivea;Sun Lotion SPF 30;Sun Lotion SPF 30;Rp 97.000Rp 72.750;04.05;-76;75;Yes (53);No (3);Maybe (20)
1639406098-2397;https://www.sociolla.com/2301-sun-care?page=7;;https://www.sociolla.com/sunscreen/27344-flawless-white-day-cream-spf-18;Pond's;PONDS FLAWLESS RAD DAY CR SPF18;PONDS FLAWLESS RAD DAY CR SPF18;Rp 25.000Rp 20.000;04.06;-73;69;Yes (49);No (8);Maybe (16)
1639406765-2500;https://www.sociolla.com/2301-sun-care?page=1;;https://www.sociolla.com/sunscreen/60016-cica-beat-the-sun-powder;NPure;Cica Beat The Sun Powder;Cica Beat The Sun Powder;Rp119.000;04.08;(1,5k);875;Yes (1,4k);No (15);Maybe (118)
1639406237-2427;https://www.sociolla.com/2301-sun-care?page=5;;https://www.sociolla.com/sunscreen/6962-atmosphere-airy-light-uv-emulsion;SK-II;Atmosphere Airy Light UV Emulsion;Atmosphere Airy Light UV Emulsion;Rp 1.225.000Rp 908.500;04.04;-20;18;Yes (15);No (2);Maybe (3)
1639406502-2462;https://www.sociolla.com/2301-sun-care?page=3;;https://www.sociolla.com/sunscreen/28376-whitening-uv-sunscreen-gel;ANESSA;Whitening UV Sunscreen Gel;Whitening UV Sunscreen Gel;Rp 399.000Rp 319.200;04.07;-46;36;Yes (41);No (1);Maybe (4)
1639406497-2461;https://www.sociolla.com/2301-sun-care?page=3;;https://www.sociolla.com/sunscreen/10484-soothing-daily-protection;Elsheskin;Soothing Daily Protection;Soothing Daily Protection;Rp 92.000Rp 85.560;04.04;-243;231;Yes (120);No (20);Maybe (103)
1639406544-2467;https://www.sociolla.com/2301-sun-care?page=3;;https://www.sociolla.com/sunscreen/48499-tea-tree-green-sun-essence;essenHerb;Tea Tree Green Sun Essence;Tea Tree Green Sun Essence;Rp 219.000Rp 186.150;04.06;-44;38;Yes (33);No (2);Maybe (9)
1639406218-2423;https://www.sociolla.com/2301-sun-care?page=6;;https://www.sociolla.com/sunscreen/11013-white-uv-gel-spf50-pa;KOSE;Sekkisei White UV Gel SPF50+ PA++++;Sekkisei White UV Gel SPF50+ PA++++;Rp499.000;04.07;-43;42;Yes (32);No (1);Maybe (10)
1639406714-2492;https://www.sociolla.com/2301-sun-care?page=1;;https://www.sociolla.com/sunscreen/16743-simply-protect-aqua-daily-moisture-sunscreen-lotion-spf50;Banana Boat;Simply Protect Aqua Daily Moisture Sunscreen Lotion SPF50+;Simply Protect Aqua Daily Moisture Sunscreen Lotion SPF50+;Rp 144.100Rp 72.050;04.06;-126;91;Yes (98);No (7);Maybe (21)
1639406240-2428;https://www.sociolla.com/2301-sun-care?page=5;;https://www.sociolla.com/sunscreen/7957-uva-uvb-defense-spf-50;Cetaphil;Uva/Uvb Defense Spf 50;Uva/Uvb Defense Spf 50;Rp 398.156Rp 298.617;04.03;-97;86;Yes (58);No (23);Maybe (16)
1639406654-2488;https://www.sociolla.com/2301-sun-care?page=2;;https://www.sociolla.com/sunscreen/2857-ultra-protect-faces-sunscreen-lotion-spf-50-60ml-;Banana Boat;Ultra Protect Faces Sunscreen Lotion SPF 50 - 60ml;Skincare;Rp 129.800Rp 80.476;04.01;-171;127;null;null;null
1639406357-2448;https://www.sociolla.com/2301-sun-care?page=4;;https://www.sociolla.com/sunscreen/16978-brighter-sun-day-spf-50-pa;Joylab;Brighter Sun Day SPF 50 PA++;Brighter Sun Day SPF 50 PA++;Rp 160.000Rp 120.000;04.02;-87;58;Yes (43);No (19);Maybe (25)
1639406468-2460;https://www.sociolla.com/2301-sun-care?page=3;;https://www.sociolla.com/sunscreen/17198-hello-sunny-essence-sun-stick-glow-spf50-pa;banila co.;Hello Sunny Essence Sun Stick Glow SPF50+ PA++++;Hello Sunny Essence Sun Stick Glow SPF50+ PA++++;Rp370.000;null;null;null;null;null;null
1639406048-2389;https://www.sociolla.com/2301-sun-care?page=8;;https://www.sociolla.com/sunscreen/24115-madame-protect-me-sunscreen-spf-30;Madame Gie;Madame Protect Me Sunscreen;Madame Protect Me Sunscreen;Rp 45.600Rp 29.640;04.05;-201;166;Yes (120);No (30);Maybe (51)
1639406602-2478;https://www.sociolla.com/2301-sun-care?page=2;;https://www.sociolla.com/sunscreen/15413-all-around-safe-block-essence-sun-spf45-pa-;Missha;All Around Safe Block Essence Sun SPF45/PA+++;All Around Safe Block Essence Sun SPF45/PA+++;Rp 355.000Rp 177.500;04.06;-57;51;Yes (28);No (6);Maybe (23)
1639406306-2442;https://www.sociolla.com/2301-sun-care?page=4;;https://www.sociolla.com/sunscreen/56246-expert-solutions-bio-skin-mosturizer-spf-34-pa;Safi;Expert Solutions Bio Skin Mosturizer SPF 34 PA++;Expert Solutions Bio Skin Mosturizer SPF 34 PA++;Rp 266.000Rp 218.120;04.06;-4;2;Yes (4);No (0);Maybe (0)
1639406141-2406;https://www.sociolla.com/2301-sun-care?page=7;;https://www.sociolla.com/sunscreen/27372-white-beauty-skin-perfecting-cream-spf30;Pond's;PONDS BRIGHT BEAUTY PRF CRM SPF30;PONDS BRIGHT BEAUTY PRF CRM SPF30;Rp 26.400 - Rp 48.150Rp 21.912 - Rp 37.557;04.06;-122;108;Yes (88);No (12);Maybe (22)
1639406340-2447;https://www.sociolla.com/2301-sun-care?page=4;;https://www.sociolla.com/after-sun-care/11891-jeju-fresh-aloe-soothing-gel-99-jar-300-ml;the saem;Jeju Fresh Aloe Soothing Gel 99% Jar 300 ml;Jeju Fresh Aloe Soothing Gel 99% Jar 300 ml;Rp 109.000Rp 75.210;04.04;(1,4k);1314;Yes (864);No (197);Maybe (377)
1639406540-2466;https://www.sociolla.com/2301-sun-care?page=3;;https://www.sociolla.com/sunscreen/57260-all-around-aqua-sun-gel-spf50-pa;Missha;All Around Aqua Sun Gel SPF50+/PA++++;All Around Aqua Sun Gel SPF50+/PA++++;Rp 389.700Rp 175.365;04.07;-17;11;Yes (12);No (1);Maybe (4)
1639406222-2424;https://www.sociolla.com/2301-sun-care?page=6;;https://www.sociolla.com/sunscreen/11012-white-uv-milk-spf-50-pa;KOSE;Sekkisei White UV Milk SPF 50+ PA++++;Sekkisei White UV Milk SPF 50+ PA++++;Rp499.000;04.03;-3;3;Yes (3);No (0);Maybe (0)
1639406611-2480;https://www.sociolla.com/2301-sun-care?page=2;;https://www.sociolla.com/sunscreen/12703-sun-face-protection-serum-spf-50-pa-oil-control;Nivea;Sun Face Protection Serum Spf 50+ Pa +++ - Oil Control;Sun Face Protection Serum Spf 50+ Pa +++ - Oil Control;Rp 51.000Rp 43.860;04.06;(3,1k);2862;Yes (2,3k);No (235);Maybe (553)
1639405872-2369;https://www.sociolla.com/2301-sun-care?page=9;;https://www.sociolla.com/sunscreen/12382-banila-co-it-radiant-cc-sun-base-spf50-pa;banila co.;Banila Co It Radiant CC Sun Base Spf50+ Pa+++;Banila Co It Radiant CC Sun Base Spf50+ Pa+++;Rp420.000;04.03;-1;1;Yes (1);No (0);Maybe (0)
